{
  "timestamp": "21:23:07 12/09/2021",
  "benchmarks": [
    {
      "implementation": "GraphX",
      "dataset": "eu-2005",
      "warmup": 2,
      "samples": 3,
      "partitions": -1,
      "useGridPartition": false,
      "memorySize": 0,
      "averageOverallCpuUsage": 0.8656818270683289,
      "workloads": [
        {
          "workload": "build",
          "latency": {
            "values": [
              22266
            ],
            "average": 22266
          },
          "throughput": {
            "values": [
              863881
            ],
            "average": 863881
          },
          "cpuUsage": {
            "values": [
              0.5896159410476685
            ],
            "average": 0.5896159410476685
          }
        },
        {
          "workload": "map",
          "latency": {
            "values": [
              213,
              267,
              207
            ],
            "average": 229
          },
          "throughput": {
            "values": [
              18,
              14,
              19
            ],
            "average": 17
          },
          "cpuUsage": {
            "values": [
              0.9620991349220276,
              0.8283783793449402,
              0.9345930218696594
            ],
            "average": 0.9083568453788757
          }
        },
        {
          "workload": "pageRank",
          "latency": {
            "values": [
              28832,
              21917,
              23489
            ],
            "average": 24746
          },
          "throughput": {
            "values": [
              667186,
              877689,
              818950
            ],
            "average": 787941
          },
          "cpuUsage": {
            "values": [
              0.8843314051628113,
              0.919899582862854,
              0.8771390318870544
            ],
            "average": 0.8937900066375732
          }
        },
        {
          "workload": "triangleCount",
          "latency": {
            "values": [
              7206,
              6360,
              7371
            ],
            "average": 6979
          },
          "throughput": {
            "values": [
              2669329,
              3024400,
              2609576
            ],
            "average": 2767768
          },
          "cpuUsage": {
            "values": [
              0.8670805096626282,
              0.9124559164047241,
              0.8812254071235657
            ],
            "average": 0.8869206309318542
          }
        }
      ]
    },
    {
      "implementation": "GraphX",
      "dataset": "indochina-2004",
      "warmup": 2,
      "samples": 3,
      "partitions": -1,
      "useGridPartition": false,
      "memorySize": 0,
      "averageOverallCpuUsage": 0.7680411338806152,
      "workloads": [
        {
          "workload": "build",
          "latency": {
            "values": [
              25954
            ],
            "average": 25954
          },
          "throughput": {
            "values": [
              7478976
            ],
            "average": 7478976
          },
          "cpuUsage": {
            "values": [
              0.607244074344635
            ],
            "average": 0.607244074344635
          }
        },
        {
          "workload": "map",
          "latency": {
            "values": [
              244,
              383,
              194
            ],
            "average": 273
          },
          "throughput": {
            "values": [
              188,
              120,
              237
            ],
            "average": 181
          },
          "cpuUsage": {
            "values": [
              0.9284490346908569,
              0.8665450215339661,
              0.9748159050941467
            ],
            "average": 0.9232699871063232
          }
        },
        {
          "workload": "pageRank",
          "latency": {
            "values": [
              75532,
              80726,
              83595
            ],
            "average": 79951
          },
          "throughput": {
            "values": [
              2570127,
              2404762,
              2322230
            ],
            "average": 2432373
          },
          "cpuUsage": {
            "values": [
              0.6996920108795166,
              0.7004110813140869,
              0.6897284984588623
            ],
            "average": 0.6966105103492737
          }
        },
        {
          "workload": "triangleCount",
          "latency": {
            "values": [
              14723,
              13531,
              14022
            ],
            "average": 14092
          },
          "throughput": {
            "values": [
              13184091,
              14345529,
              13843200
            ],
            "average": 13790940
          },
          "cpuUsage": {
            "values": [
              0.7099027037620544,
              0.7385143041610718,
              0.7651087641716003
            ],
            "average": 0.7378419041633606
          }
        }
      ]
    },
    {
      "implementation": "GraphX",
      "dataset": "soc-youtube-growth",
      "warmup": 2,
      "samples": 3,
      "partitions": -1,
      "useGridPartition": false,
      "memorySize": 0,
      "averageOverallCpuUsage": 0.9534212350845337,
      "workloads": [
        {
          "workload": "build",
          "latency": {
            "values": [
              4316
            ],
            "average": 4316
          },
          "throughput": {
            "values": [
              2832200
            ],
            "average": 2832200
          },
          "cpuUsage": {
            "values": [
              0.9188393950462341
            ],
            "average": 0.9188393950462341
          }
        },
        {
          "workload": "map",
          "latency": {
            "values": [
              76,
              82,
              78
            ],
            "average": 78
          },
          "throughput": {
            "values": [
              65,
              60,
              64
            ],
            "average": 63
          },
          "cpuUsage": {
            "values": [
              1.0094339847564697,
              1.0094339847564697,
              1.009374976158142
            ],
            "average": 1.0094143152236938
          }
        },
        {
          "workload": "pageRank",
          "latency": {
            "values": [
              17196,
              16701,
              16865
            ],
            "average": 16920
          },
          "throughput": {
            "values": [
              710871,
              731941,
              724823
            ],
            "average": 722545
          },
          "cpuUsage": {
            "values": [
              0.9301685690879822,
              0.9306393265724182,
              0.9245855808258057
            ],
            "average": 0.9284644722938538
          }
        },
        {
          "workload": "triangleCount",
          "latency": {
            "values": [
              4254,
              4338,
              4228
            ],
            "average": 4273
          },
          "throughput": {
            "values": [
              2873478,
              2817837,
              2891148
            ],
            "average": 2860821
          },
          "cpuUsage": {
            "values": [
              0.9357678890228271,
              0.939755380153656,
              0.9262127876281738
            ],
            "average": 0.9339120388031006
          }
        }
      ]
    },
    {
      "implementation": "GraphX",
      "dataset": "uk-2002",
      "warmup": 2,
      "samples": 3,
      "partitions": -1,
      "useGridPartition": false,
      "memorySize": 0,
      "averageOverallCpuUsage": 0.7037058472633362,