{
  "timestamp": "10:33:24 13/09/2021",
  "benchmarks": [
    {
      "implementation": "PKGraph8",
      "dataset": "eu-2005",
      "warmup": 2,
      "samples": 3,
      "partitions": -1,
      "useGridPartition": false,
      "memorySize": 0,
      "averageOverallCpuUsage": 0.9672333598136902,
      "workloads": [
        {
          "workload": "build",
          "latency": {
            "values": [
              10764
            ],
            "average": 10764
          },
          "throughput": {
            "values": [
              1786992
            ],
            "average": 1786992
          },
          "cpuUsage": {
            "values": [
              0.9256945252418518
            ],
            "average": 0.9256945252418518
          }
        },
        {
          "workload": "map",
          "latency": {
            "values": [
              301,
              303,
              305
            ],
            "average": 303
          },
          "throughput": {
            "values": [
              13,
              13,
              13
            ],
            "average": 13
          },
          "cpuUsage": {
            "values": [
              1.0008865594863892,
              1.0008833408355713,
              1.0017683506011963
            ],
            "average": 1.0011794567108154
          }
        },
        {
          "workload": "pageRank",
          "latency": {
            "values": [
              48597,
              46317,
              48103
            ],
            "average": 47672
          },
          "throughput": {
            "values": [
              395833,
              415318,
              399898
            ],
            "average": 403683
          },
          "cpuUsage": {
            "values": [
              0.9495782852172852,
              0.9566263556480408,
              0.955945611000061
            ],
            "average": 0.9540500640869141
          }
        },
        {
          "workload": "triangleCount",
          "latency": {
            "values": [
              10372,
              9881,
              9495
            ],
            "average": 9916
          },
          "throughput": {
            "values": [
              1854530,
              1946684,
              2025823
            ],
            "average": 1942345
          },
          "cpuUsage": {
            "values": [
              0.9554756283760071,
              0.9615638256072998,
              0.9639113545417786
            ],
            "average": 0.9603168964385986
          }
        }
      ]
    },
    {
      "implementation": "PKGraph8",
      "dataset": "indochina-2004",
      "warmup": 2,
      "samples": 3,
      "partitions": -1,
      "useGridPartition": false,
      "memorySize": 0,
      "averageOverallCpuUsage": 0.8437617421150208,
      "workloads": [
        {
          "workload": "build",
          "latency": {
            "values": [
              27399
            ],
            "average": 27399
          },
          "throughput": {
            "values": [
              7084541
            ],
            "average": 7084541
          },
          "cpuUsage": {
            "values": [
              0.7804697751998901
            ],
            "average": 0.7804697751998901
          }
        },
        {
          "workload": "map",
          "latency": {
            "values": [
              647,
              970,
              866
            ],
            "average": 827
          },
          "throughput": {
            "values": [
              71,
              47,
              53
            ],
            "average": 57
          },
          "cpuUsage": {
            "values": [
              0.8499228358268738,
              0.8635505437850952,
              0.8704540133476257
            ],
            "average": 0.8613091111183167
          }
        },
        {
          "workload": "pageRank",
          "latency": {
            "values": [
              134143,
              130104,
              126590
            ],
            "average": 130279
          },
          "throughput": {
            "values": [
              1447163,
              1492089,
              1533508
            ],
            "average": 1490920
          },
          "cpuUsage": {
            "values": [
              0.815183699131012,
              0.817149817943573,
              0.8350789546966553
            ],
            "average": 0.8224708437919617
          }
        },
        {
          "workload": "triangleCount",
          "latency": {
            "values": [
              16804,
              15384,
              15129
            ],
            "average": 15772
          },
          "throughput": {
            "values": [
              11551378,
              12617613,
              12830284
            ],
            "average": 12333091
          },
          "cpuUsage": {
            "values": [
              0.8437241315841675,
              0.882380485534668,
              0.8797028064727783
            ],
            "average": 0.868602454662323
          }
        }
      ]
    },
    {
      "implementation": "PKGraph8",
      "dataset": "soc-youtube-growth",
      "warmup": 2,
      "samples": 3,
      "partitions": -1,
      "useGridPartition": false,
      "memorySize": 0,
      "averageOverallCpuUsage": 0.9711055755615234,
      "workloads": [
        {
          "workload": "build",
          "latency": {
            "values": [
              8808
            ],
            "average": 8808
          },
          "throughput": {
            "values": [
              1387803
            ],
            "average": 1387803
          },
          "cpuUsage": {
            "values": [
              0.9584084153175354
            ],
            "average": 0.9584084153175354
          }
        },
        {
          "workload": "map",
          "latency": {
            "values": [
              247,
              242,
              243
            ],
            "average": 244
          },
          "throughput": {
            "values": [
              20,
              20,
              20
            ],
            "average": 20
          },
          "cpuUsage": {
            "values": [
              1.0008710622787476,
              1.0008748769760132,
              1.0017857551574707
            ],
            "average": 1.001177191734314
          }
        },
        {
          "workload": "pageRank",
          "latency": {
            "values": [
              27722,
              28227,
              30680
            ],
            "average": 28876
          },
          "throughput": {
            "values": [
              440954,
              433065,
              398440
            ],
            "average": 424153
          },
          "cpuUsage": {
            "values": [
              0.9451274871826172,
              0.945886492729187,
              0.9379001259803772
            ],
            "average": 0.942971408367157
          }
        },
        {
          "workload": "triangleCount",
          "latency": {
            "values": [
              8156,
              7764,
              8363
            ],
            "average": 8094
          },
          "throughput": {
            "values": [
              1498746,
              1574417,
              1461649
            ],
            "average": 1511604
          },
          "cpuUsage": {
            "values": [
              0.9739766120910645,
              0.9782500863075256,
              0.9679741859436035
            ],
            "average": 0.9734002947807312
          }
        }
      ]
    },
    {
      "implementation": "PKGraph8",
      "dataset": "uk-2002",
      "warmup": 2,
      "samples": 3,
      "partitions": -1,
      "useGridPartition": false,
      "memorySize": 0,
      "averageOverallCpuUsage": 0.8408342599868774,