{
  "timestamp": "20:27:34 12/09/2021",
  "benchmarks": [
    {
      "implementation": "PKGraph8",
      "dataset": "eu-2005",
      "warmup": 2,
      "samples": 3,
      "partitions": -1,
      "useGridPartition": false,
      "memorySize": 0,
      "averageOverallCpuUsage": 0.9519938230514526,
      "workloads": [
        {
          "workload": "build",
          "latency": {
            "values": [
              9832
            ],
            "average": 9832
          },
          "throughput": {
            "values": [
              1956386
            ],
            "average": 1956386
          },
          "cpuUsage": {
            "values": [
              0.9532589316368103
            ],
            "average": 0.9532589316368103
          }
        },
        {
          "workload": "map",
          "latency": {
            "values": [
              423,
              292,
              411
            ],
            "average": 375
          },
          "throughput": {
            "values": [
              9,
              13,
              9
            ],
            "average": 10
          },
          "cpuUsage": {
            "values": [
              0.8950766921043396,
              1.0018181800842285,
              0.9053061008453369
            ],
            "average": 0.9340670108795166
          }
        },
        {
          "workload": "pageRank",
          "latency": {
            "values": [
              48799,
              47728,
              49350
            ],
            "average": 48625
          },
          "throughput": {
            "values": [
              394195,
              403040,
              389793
            ],
            "average": 395676
          },
          "cpuUsage": {
            "values": [
              0.9643612504005432,
              0.9575310945510864,
              0.9557156562805176
            ],
            "average": 0.9592027068138123
          }
        },
        {
          "workload": "triangleCount",
          "latency": {
            "values": [
              10432,
              10410,
              10261
            ],
            "average": 10367
          },
          "throughput": {
            "values": [
              1843864,
              1847760,
              1874592
            ],
            "average": 1855405
          },
          "cpuUsage": {
            "values": [
              0.957059383392334,
              0.9686819911003113,
              0.9611295461654663
            ],
            "average": 0.9622902870178223
          }
        }
      ]
    },
    {
      "implementation": "PKGraph8",
      "dataset": "indochina-2004",
      "warmup": 2,
      "samples": 3,
      "partitions": -1,
      "useGridPartition": false,
      "memorySize": 0,
      "averageOverallCpuUsage": 0.8515989184379578,
      "workloads": [
        {
          "workload": "build",
          "latency": {
            "values": [
              30438
            ],
            "average": 30438
          },
          "throughput": {
            "values": [
              6377205
            ],
            "average": 6377205
          },
          "cpuUsage": {
            "values": [
              0.7988951206207275
            ],
            "average": 0.7988951206207275
          }
        },
        {
          "workload": "map",
          "latency": {
            "values": [
              854,
              911,
              958
            ],
            "average": 907
          },
          "throughput": {
            "values": [
              53,
              50,
              48
            ],
            "average": 50
          },
          "cpuUsage": {
            "values": [
              0.926281750202179,
              0.9392356872558594,
              0.9184371829032898
            ],
            "average": 0.927984893321991
          }
        },
        {
          "workload": "pageRank",
          "latency": {
            "values": [
              241502,
              236466,
              238063
            ],
            "average": 238677
          },
          "throughput": {
            "values": [
              803831,
              820950,
              815443
            ],
            "average": 813408
          },
          "cpuUsage": {
            "values": [
              0.77783203125,
              0.7828705310821533,
              0.7763793468475342
            ],
            "average": 0.7790272831916809
          }
        },
        {
          "workload": "triangleCount",
          "latency": {
            "values": [
              26318,
              27477,
              29284
            ],
            "average": 27693
          },
          "throughput": {
            "values": [
              7375536,
              7064431,
              6628512
            ],
            "average": 7022826
          },
          "cpuUsage": {
            "values": [
              0.8653079867362976,
              0.8621333837509155,
              0.86861652135849
            ],
            "average": 0.8653526306152344
          }
        }
      ]
    },
    {
      "implementation": "PKGraph8",
      "dataset": "soc-youtube-growth",
      "warmup": 2,
      "samples": 3,
      "partitions": -1,
      "useGridPartition": false,
      "memorySize": 0,
      "averageOverallCpuUsage": 0.9557015299797058,
      "workloads": [
        {
          "workload": "build",
          "latency": {
            "values": [
              8523
            ],
            "average": 8523
          },
          "throughput": {
            "values": [
              1434210
            ],
            "average": 1434210
          },
          "cpuUsage": {
            "values": [
              0.958512544631958
            ],
            "average": 0.958512544631958
          }
        },
        {
          "workload": "map",
          "latency": {
            "values": [
              281,
              239,
              317
            ],
            "average": 279
          },
          "throughput": {
            "values": [
              17,
              20,
              15
            ],
            "average": 17
          },
          "cpuUsage": {
            "values": [
              0.9626736044883728,
              1.001805067062378,
              0.8857827186584473
            ],
            "average": 0.9500871300697327
          }
        },
        {
          "workload": "pageRank",
          "latency": {
            "values": [
              27431,
              27848,
              27618
            ],
            "average": 27632
          },
          "throughput": {
            "values": [
              445632,
              438959,
              442615
            ],
            "average": 442402
          },
          "cpuUsage": {
            "values": [
              0.9595856070518494,
              0.9473745822906494,
              0.9509397745132446
            ],
            "average": 0.9526333808898926
          }
        },
        {
          "workload": "triangleCount",
          "latency": {
            "values": [
              8988,
              8410,
              8390
            ],
            "average": 8596
          },
          "throughput": {
            "values": [
              1360010,
              1453481,
              1456945
            ],
            "average": 1423478
          },
          "cpuUsage": {
            "values": [
              0.9288222789764404,
              0.979041337966919,
              0.9824779629707336
            ],
            "average": 0.9634471535682678
          }
        }
      ]
    },
    {
      "implementation": "PKGraph8",
      "dataset": "uk-2002",
      "warmup": 2,
      "samples": 3,
      "partitions": -1,
      "useGridPartition": false,
      "memorySize": 0,
      "averageOverallCpuUsage": 0.8543797731399536,