{
  "timestamp" : "14:44:02 16/10/2021",
  "benchmarks" : [ {
    "implementation" : "GraphX",
    "dataset" : "eu-2005",
    "warmup" : 5,
    "samples" : 10,
    "iterationTests" : [ ],
    "throughputTests" : {
      "throughput" : {
        "values" : [ 1497794304, 1570502784, 1593712256, 1315136512, 1100420352, 1365078400, 1342421504, 1609570048, 1685018624, 1711764992 ],
        "average" : 1479141977
      },
      "recordThroughput" : {
        "values" : [ 18, 19, 19, 16, 13, 16, 16, 19, 20, 21 ],
        "average" : 17
      }
    },
    "cpuUsageTests" : {
      "cpuUsage" : {
        "values" : [ 0.9646539092063904, 0.9924127459526062, 0.9536621570587158, 0.9984662532806396, 0.9863636493682861, 0.8512160181999207, 0.9589442610740662, 0.980654776096344, 0.9001386761665344, 0.9876733422279358 ],
        "average" : 0.9574186205863953
      }
    }
  }, {
    "implementation" : "GraphX",
    "dataset" : "indochina-2004",
    "warmup" : 5,
    "samples" : 10,
    "iterationTests" : [ ],
    "throughputTests" : {
      "throughput" : {
        "values" : [ 4141272064, 3544735488, 3019858688, 3079184640, 3802792960, 3127707648, 2945186816, 3072838912, 3264901376, 3837084672 ],
        "average" : 3383556326
      },
      "recordThroughput" : {
        "values" : [ 63, 54, 46, 47, 58, 48, 45, 47, 50, 59 ],
        "average" : 51
      }
    },
    "cpuUsageTests" : {
      "cpuUsage" : {
        "values" : [ 0.6567103266716003, 0.6992397308349609, 0.6187984943389893, 0.788552463054657, 0.8044461607933044, 0.8079649209976196, 0.8341001868247986, 0.6127903461456299, 0.726685106754303, 0.58624267578125 ],
        "average" : 0.7135530710220337
      }
    }
  }, {
    "implementation" : "GraphX",
    "dataset" : "soc-youtube-growth",
    "warmup" : 5,
    "samples" : 10,
    "iterationTests" : [ ],
    "throughputTests" : {
      "throughput" : {
        "values" : [ 5010460672, 4660893696, 4948603392, 5138933760, 4715727872, 4008368384, 4948603392, 5010460672, 5205673472, 4888253952 ],
        "average" : 4853597926
      },
      "recordThroughput" : {
        "values" : [ 62, 58, 61, 64, 58, 50, 61, 62, 64, 60 ],
        "average" : 60
      }
    },
    "cpuUsageTests" : {
      "cpuUsage" : {
        "values" : [ 1.00314462184906, 1.0, 1.006309151649475, 1.0063492059707642, 1.012861728668213, 1.0058996677398682, 1.0063492059707642, 1.005555510520935, 1.0062893629074097, 1.0062893629074097 ],
        "average" : 1.0059047937393188
      }
    }
  }, {
    "implementation" : "GraphX",
    "dataset" : "uk-2002",
    "warmup" : 5,
    "samples" : 10,
    "iterationTests" : [ ],
    "throughputTests" : {
      "throughput" : {
        "values" : [ 5580542464, 6843752960, 6025405440, 5410173440, 5410186240, 4781091328, 5103949312, 5647986176, 5641786368, 5144821248 ],
        "average" : 5558969497
      },
      "recordThroughput" : {
        "values" : [ 82, 101, 89, 80, 80, 70, 75, 83, 83, 76 ],
        "average" : 81
      }
    },
    "cpuUsageTests" : {
      "cpuUsage" : {
        "values" : [ 0.830976665019989, 0.7255108952522278, 0.7325097322463989, 0.7500530481338501, 0.8051907420158386, 0.7133262753486633, 0.7086576819419861, 0.7191057205200195, 0.767241358757019, 0.7494373321533203 ],
        "average" : 0.7502009272575378
      }
    }
  } ]
}