{
  "timestamp" : "14:17:03 16/10/2021",
  "benchmarks" : [ {
    "implementation" : "GraphX",
    "dataset" : "eu-2005",
    "warmup" : 5,
    "samples" : 10,
    "iterationTests" : [ ],
    "throughputTests" : {
      "throughput" : {
        "values" : [ 1033621696, 1562915840, 1304530560, 1601601792, 1570502784, 1370862592, 1444301696, 1667647232, 1497794304, 1578163840 ],
        "average" : 1463194233
      },
      "recordThroughput" : {
        "values" : [ 12, 19, 16, 19, 19, 16, 17, 20, 18, 19 ],
        "average" : 17
      }
    },
    "cpuUsageTests" : {
      "cpuUsage" : {
        "values" : [ 1.0, 0.8154681324958801, 0.9454806447029114, 0.9969788789749146, 0.9602941274642944, 0.9788519740104675, 0.9939117431640625, 0.9171348214149475, 0.9924812316894531, 0.9984848499298096 ],
        "average" : 0.9599086046218872
      }
    }
  }, {
    "implementation" : "GraphX",
    "dataset" : "indochina-2004",
    "warmup" : 5,
    "samples" : 10,
    "iterationTests" : [ ],
    "throughputTests" : {
      "throughput" : {
        "values" : [ 3458264064, 4078852352, 3140894976, 2890843392, 3698846720, 2422762240, 4078852352, 3802765568, 6177502720, 3187971584 ],
        "average" : 3693755596
      },
      "recordThroughput" : {
        "values" : [ 53, 63, 48, 44, 57, 37, 63, 58, 95, 49 ],
        "average" : 56
      }
    },
    "cpuUsageTests" : {
      "cpuUsage" : {
        "values" : [ 0.6849554181098938, 0.8826304078102112, 0.8322530388832092, 0.9275822043418884, 0.8339227437973022, 0.7878087162971497, 0.855620801448822, 0.8773845434188843, 0.8839855790138245, 0.7117565870285034 ],
        "average" : 0.8277900815010071
      }
    }
  }, {
    "implementation" : "GraphX",
    "dataset" : "soc-youtube-growth",
    "warmup" : 5,
    "samples" : 10,
    "iterationTests" : [ ],
    "throughputTests" : {
      "throughput" : {
        "values" : [ 5274169344, 5205673472, 5274169344, 5010460672, 5205673472, 5138933760, 5274169344, 5274169344, 5274169344, 5344491008 ],
        "average" : 5227607910
      },
      "recordThroughput" : {
        "values" : [ 65, 64, 65, 62, 64, 64, 65, 65, 65, 66 ],
        "average" : 64
      }
    },
    "cpuUsageTests" : {
      "cpuUsage" : {
        "values" : [ 1.006779670715332, 1.0065573453903198, 1.0051546096801758, 1.0065789222717285, 1.0066444873809814, 1.0033557415008545, 1.006622552871704, 1.0067113637924194, 1.0054794549942017, 1.0033557415008545 ],
        "average" : 1.0057240724563599
      }
    }
  }, {
    "implementation" : "GraphX",
    "dataset" : "uk-2002",
    "warmup" : 5,
    "samples" : 10,
    "iterationTests" : [ ],
    "throughputTests" : {
      "throughput" : {
        "values" : [ 4082331648, 3870222592, 4105153536, 4265271296, 4165036800, 4161669120, 4300966400, 3987319808, 3978058752, 4862490112 ],
        "average" : 4177852006
      },
      "recordThroughput" : {
        "values" : [ 60, 57, 60, 63, 61, 61, 63, 58, 58, 71 ],
        "average" : 61
      }
    },
    "cpuUsageTests" : {
      "cpuUsage" : {
        "values" : [ 0.8601149916648865, 0.8367990851402283, 0.9698027968406677, 0.8336256742477417, 0.8219067454338074, 0.8847246766090393, 0.8579536080360413, 0.9779133796691895, 0.8322011828422546, 0.8357805013656616 ],
        "average" : 0.8710821866989136
      }
    }
  } ]
}