{
  "timestamp" : "15:16:54 16/10/2021",
  "benchmarks" : [ {
    "implementation" : "GraphX",
    "dataset" : "eu-2005",
    "warmup" : 5,
    "samples" : 10,
    "iterationTests" : [ ],
    "throughputTests" : {
      "throughput" : {
        "values" : [ 1239553920, 1198235392, 1400534912, 1167955072, 1547959680, 1720870144, 1463907584, 1585899904, 1570502784, 1758280320 ],
        "average" : 1465369971
      },
      "recordThroughput" : {
        "values" : [ 15, 14, 17, 14, 19, 21, 18, 19, 19, 21 ],
        "average" : 17
      }
    },
    "cpuUsageTests" : {
      "cpuUsage" : {
        "values" : [ 1.0015575885772705, 0.9952531456947327, 0.990755021572113, 0.9519519805908203, 0.9077810049057007, 0.9937499761581421, 0.9953415989875793, 0.9938080310821533, 0.9828926920890808, 0.93113774061203 ],
        "average" : 0.9744229316711426
      }
    }
  }, {
    "implementation" : "GraphX",
    "dataset" : "indochina-2004",
    "warmup" : 5,
    "samples" : 10,
    "iterationTests" : [ ],
    "throughputTests" : {
      "throughput" : {
        "values" : [ 12253317120, 12724598784, 8458966528, 11631078400, 11068982272, 13473104896, 14740376576, 8004183040, 17311373312, 7982724608 ],
        "average" : 11764870553
      },
      "recordThroughput" : {
        "values" : [ 189, 196, 130, 179, 171, 208, 227, 123, 267, 123 ],
        "average" : 181
      }
    },
    "cpuUsageTests" : {
      "cpuUsage" : {
        "values" : [ 0.9351975917816162, 0.9908431768417358, 0.9930608868598938, 0.9872291088104248, 0.7959092855453491, 0.9944782853126526, 1.0003970861434937, 1.0015363693237305, 0.9941109418869019, 0.9905642867088318 ],
        "average" : 0.9683326482772827
      }
    }
  }, {
    "implementation" : "GraphX",
    "dataset" : "soc-youtube-growth",
    "warmup" : 5,
    "samples" : 10,
    "iterationTests" : [ ],
    "throughputTests" : {
      "throughput" : {
        "values" : [ 5138933760, 3516112896, 4356922368, 4175383808, 4453742592, 4948603392, 4771867648, 4453742592, 4132338688, 4310073856 ],
        "average" : 4425772160
      },
      "recordThroughput" : {
        "values" : [ 64, 43, 54, 52, 55, 61, 59, 55, 51, 53 ],
        "average" : 54
      }
    },
    "cpuUsageTests" : {
      "cpuUsage" : {
        "values" : [ 1.0065573453903198, 1.0063492059707642, 1.00314462184906, 1.006666660308838, 1.0057803392410278, 1.0097402334213257, 1.0100334882736206, 1.0065360069274902, 1.0064724683761597, 1.0098683834075928 ],
        "average" : 1.0071148872375488
      }
    }
  }, {
    "implementation" : "GraphX",
    "dataset" : "uk-2002",
    "warmup" : 5,
    "samples" : 10,
    "iterationTests" : [ ],
    "throughputTests" : {
      "throughput" : {
        "values" : [ 8537643520, 7002263040, 7395187712, 7128509440, 6954894848, 8566091776, 7993266688, 8043288576, 8106706944, 7108803072 ],
        "average" : 7683665561
      },
      "recordThroughput" : {
        "values" : [ 126, 103, 109, 105, 102, 126, 118, 118, 119, 105 ],
        "average" : 113
      }
    },
    "cpuUsageTests" : {
      "cpuUsage" : {
        "values" : [ 0.753333330154419, 0.8311989903450012, 0.8247718214988708, 0.8839003443717957, 0.8183451890945435, 0.8357867002487183, 0.815992534160614, 0.8632282614707947, 0.7784753441810608, 0.7250951528549194 ],
        "average" : 0.8130127787590027
      }
    }
  } ]
}