{
  "timestamp" : "15:03:24 16/10/2021",
  "benchmarks" : [ {
    "implementation" : "GraphX",
    "dataset" : "eu-2005",
    "warmup" : 5,
    "samples" : 10,
    "iterationTests" : [ ],
    "throughputTests" : {
      "throughput" : {
        "values" : [ 1526054656, 1585899904, 1457313408, 1562915840, 1593712256, 1609570048, 783350080, 1504760832, 1667647232, 1676288000 ],
        "average" : 1496751225
      },
      "recordThroughput" : {
        "values" : [ 18, 19, 18, 19, 19, 19, 9, 18, 20, 20 ],
        "average" : 17
      }
    },
    "cpuUsageTests" : {
      "cpuUsage" : {
        "values" : [ 0.8419023156166077, 0.9186875820159912, 0.9246376752853394, 0.9895366430282593, 0.9954128265380859, 0.9715142250061035, 0.9924471378326416, 0.9178885817527771, 0.9640718698501587, 0.9954476356506348 ],
        "average" : 0.9511547088623047
      }
    }
  }, {
    "implementation" : "GraphX",
    "dataset" : "indochina-2004",
    "warmup" : 5,
    "samples" : 10,
    "iterationTests" : [ ],
    "throughputTests" : {
      "throughput" : {
        "values" : [ 12616763392, 11151896576, 4857351168, 12406483968, 13721457664, 12834293760, 13412415488, 14246679552, 14045076480, 8270989312 ],
        "average" : 11756340736
      },
      "recordThroughput" : {
        "values" : [ 194, 172, 75, 191, 211, 198, 207, 220, 216, 127 ],
        "average" : 181
      }
    },
    "cpuUsageTests" : {
      "cpuUsage" : {
        "values" : [ 0.9872055053710938, 0.9839767813682556, 0.9817337393760681, 0.9284746050834656, 0.9629459977149963, 0.9848108887672424, 0.9357249736785889, 0.9401426315307617, 0.9615210890769958, 0.9707594513893127 ],
        "average" : 0.9637295603752136
      }
    }
  }, {
    "implementation" : "GraphX",
    "dataset" : "soc-youtube-growth",
    "warmup" : 5,
    "samples" : 10,
    "iterationTests" : [ ],
    "throughputTests" : {
      "throughput" : {
        "values" : [ 5010460672, 5073884160, 4503784960, 5073884160, 4356922368, 4888253952, 4888253952, 5073884160, 5073884160, 4771867648 ],
        "average" : 4871508019
      },
      "recordThroughput" : {
        "values" : [ 62, 63, 56, 63, 54, 60, 60, 63, 63, 59 ],
        "average" : 60
      }
    },
    "cpuUsageTests" : {
      "cpuUsage" : {
        "values" : [ 1.0059523582458496, 1.0089552402496338, 1.0030769109725952, 1.0030030012130737, 1.0030864477157593, 1.0089020729064941, 1.0062304735183716, 1.003134846687317, 1.0030120611190796, 1.0058308839797974 ],
        "average" : 1.0051183700561523
      }
    }
  }, {
    "implementation" : "GraphX",
    "dataset" : "uk-2002",
    "warmup" : 5,
    "samples" : 10,
    "iterationTests" : [ ],
    "throughputTests" : {
      "throughput" : {
        "values" : [ 6497702912, 6597791744, 6744974336, 7069714944, 7384584192, 6384687616, 6871229440, 6489502720, 6589333504, 7168316416 ],
        "average" : 6779783782
      },
      "recordThroughput" : {
        "values" : [ 96, 97, 99, 104, 109, 94, 101, 95, 97, 105 ],
        "average" : 99
      }
    },
    "cpuUsageTests" : {
      "cpuUsage" : {
        "values" : [ 0.718501627445221, 0.7572483420372009, 0.7154783606529236, 0.7696314454078674, 0.6926730871200562, 0.760021984577179, 0.6615803241729736, 0.7795262932777405, 0.7280977964401245, 0.677584171295166 ],
        "average" : 0.7260343432426453
      }
    }
  } ]
}