{
  "timestamp" : "15:06:08 16/10/2021",
  "benchmarks" : [ {
    "implementation" : "PKGraph8",
    "dataset" : "eu-2005",
    "warmup" : 5,
    "samples" : 10,
    "iterationTests" : [ ],
    "throughputTests" : {
      "throughput" : {
        "values" : [ 524363200, 507716768, 524363200, 446733984, 454348800, 515905728, 514246880, 524363200, 527824352, 522649600 ],
        "average" : 506251571
      },
      "recordThroughput" : {
        "values" : [ 13, 12, 13, 11, 11, 12, 12, 13, 13, 13 ],
        "average" : 12
      }
    },
    "cpuUsageTests" : {
      "cpuUsage" : {
        "values" : [ 1.0008889436721802, 0.9878683090209961, 1.0, 0.9894644618034363, 1.0008872747421265, 1.0008920431137085, 0.9069952368736267, 0.9896373152732849, 1.0017873048782349, 0.9903083443641663 ],
        "average" : 0.9868729710578918
      }
    }
  }, {
    "implementation" : "PKGraph8",
    "dataset" : "indochina-2004",
    "warmup" : 5,
    "samples" : 10,
    "iterationTests" : [ ],
    "throughputTests" : {
      "throughput" : {
        "values" : [ 1304233984, 1740782592, 1425351936, 1933311360, 1258585728, 1431838208, 2300888064, 1856321280, 2482417408, 1615642880 ],
        "average" : 1734937344
      },
      "recordThroughput" : {
        "values" : [ 47, 63, 52, 70, 46, 52, 84, 67, 90, 59 ],
        "average" : 63
      }
    },
    "cpuUsageTests" : {
      "cpuUsage" : {
        "values" : [ 0.9273698925971985, 0.9612674117088318, 0.9024448990821838, 0.9605898857116699, 0.9531121850013733, 0.9453462362289429, 0.9725791215896606, 0.9504115581512451, 0.9687238931655884, 0.987395167350769 ],
        "average" : 0.9529240727424622
      }
    }
  }, {
    "implementation" : "PKGraph8",
    "dataset" : "soc-youtube-growth",
    "warmup" : 5,
    "samples" : 10,
    "iterationTests" : [ ],
    "throughputTests" : {
      "throughput" : {
        "values" : [ 1403082496, 1391946880, 1397492608, 1391946880, 1375571072, 1397492608, 1408717440, 1303980032, 1403082496, 1408717440 ],
        "average" : 1388202995
      },
      "recordThroughput" : {
        "values" : [ 20, 19, 19, 19, 19, 19, 20, 18, 20, 20 ],
        "average" : 19
      }
    },
    "cpuUsageTests" : {
      "cpuUsage" : {
        "values" : [ 0.9913269877433777, 0.9922077655792236, 1.0008764266967773, 0.9914015531539917, 1.0017513036727905, 1.0, 1.0008779764175415, 1.0017544031143188, 1.0, 1.0017606019973755 ],
        "average" : 0.9981956481933594
      }
    }
  }, {
    "implementation" : "PKGraph8",
    "dataset" : "uk-2002",
    "warmup" : 5,
    "samples" : 10,
    "iterationTests" : [ ],
    "throughputTests" : {
      "throughput" : {
        "values" : [ 2253198080, 2001552384, 2288617984, 2279666688, 2281899264, 2231615744, 2295379456, 1922283008, 1933454720, 2277420288 ],
        "average" : 2176508761
      },
      "recordThroughput" : {
        "values" : [ 73, 65, 74, 74, 74, 72, 74, 62, 63, 74 ],
        "average" : 70
      }
    },
    "cpuUsageTests" : {
      "cpuUsage" : {
        "values" : [ 0.9390454888343811, 0.9394018054008484, 0.9289114475250244, 0.9383390545845032, 0.9173157811164856, 0.9327242374420166, 0.9043264985084534, 0.9401858448982239, 0.9310299754142761, 0.9215562343597412 ],
        "average" : 0.929283618927002
      }
    }
  } ]
}