{
  "timestamp" : "14:47:32 16/10/2021",
  "benchmarks" : [ {
    "implementation" : "PKGraph8",
    "dataset" : "eu-2005",
    "warmup" : 5,
    "samples" : 10,
    "iterationTests" : [ ],
    "throughputTests" : {
      "throughput" : {
        "values" : [ 510960960, 522649600, 527824352, 526088096, 526088096, 512598624, 502926976, 506110016, 524363200, 504513472 ],
        "average" : 516412339
      },
      "recordThroughput" : {
        "values" : [ 12, 13, 13, 13, 13, 12, 12, 12, 13, 12 ],
        "average" : 12
      }
    },
    "cpuUsageTests" : {
      "cpuUsage" : {
        "values" : [ 0.9782797694206238, 0.9885663986206055, 0.9902568459510803, 1.0017969608306885, 0.969565212726593, 1.0, 1.0008960962295532, 1.0026270151138306, 1.0, 1.0017873048782349 ],
        "average" : 0.9933775067329407
      }
    }
  }, {
    "implementation" : "PKGraph8",
    "dataset" : "indochina-2004",
    "warmup" : 5,
    "samples" : 10,
    "iterationTests" : [ ],
    "throughputTests" : {
      "throughput" : {
        "values" : [ 1090665600, 1168631424, 1418944640, 1213703040, 1066618688, 1235145216, 1182915456, 1156818944, 1150477184, 1074821504 ],
        "average" : 1175874169
      },
      "recordThroughput" : {
        "values" : [ 39, 42, 51, 44, 38, 45, 43, 42, 42, 39 ],
        "average" : 42
      }
    },
    "cpuUsageTests" : {
      "cpuUsage" : {
        "values" : [ 0.8925073742866516, 0.9046059250831604, 0.8850515484809875, 0.8759042620658875, 0.8902854323387146, 0.8962923288345337, 0.9133381247520447, 0.9150131344795227, 0.8989458084106445, 0.8903365135192871 ],
        "average" : 0.896228015422821
      }
    }
  }, {
    "implementation" : "PKGraph8",
    "dataset" : "soc-youtube-growth",
    "warmup" : 5,
    "samples" : 10,
    "iterationTests" : [ ],
    "throughputTests" : {
      "throughput" : {
        "values" : [ 1420124032, 1420124032, 1431716864, 1408717440, 1414397696, 1420124032, 1318686592, 1284874112, 1408717440, 1354326656 ],
        "average" : 1388180889
      },
      "recordThroughput" : {
        "values" : [ 20, 20, 20, 20, 20, 20, 18, 18, 20, 19 ],
        "average" : 19
      }
    },
    "cpuUsageTests" : {
      "cpuUsage" : {
        "values" : [ 1.0008865594863892, 1.0008833408355713, 1.0008904933929443, 1.0017590522766113, 1.001755952835083, 0.9817232489585876, 1.0017637014389038, 0.9903169274330139, 1.0008817911148071, 1.0026549100875854 ],
        "average" : 0.9983515739440918
      }
    }
  }, {
    "implementation" : "PKGraph8",
    "dataset" : "uk-2002",
    "warmup" : 5,
    "samples" : 10,
    "iterationTests" : [ ],
    "throughputTests" : {
      "throughput" : {
        "values" : [ 1716873984, 1472697216, 1608984832, 1594661888, 1621294976, 1425828736, 1573122944, 1757016576, 1455216128, 1591396224 ],
        "average" : 1581709350
      },
      "recordThroughput" : {
        "values" : [ 56, 48, 52, 52, 52, 46, 51, 57, 47, 51 ],
        "average" : 51
      }
    },
    "cpuUsageTests" : {
      "cpuUsage" : {
        "values" : [ 0.9261763691902161, 0.9270240664482117, 0.9295008778572083, 0.9479579925537109, 0.9408104419708252, 0.9411916732788086, 0.9338226318359375, 0.9319274425506592, 0.9332024455070496, 0.9306359887123108 ],
        "average" : 0.9342250823974609
      }
    }
  } ]
}