{
  "timestamp" : "15:19:21 16/10/2021",
  "benchmarks" : [ {
    "implementation" : "PKGraph8",
    "dataset" : "eu-2005",
    "warmup" : 5,
    "samples" : 10,
    "iterationTests" : [ ],
    "throughputTests" : {
      "throughput" : {
        "values" : [ 515905728, 496679424, 517575360, 502926976, 524363200, 524363200, 527824352, 526088096, 526088096, 526088096 ],
        "average" : 518790252
      },
      "recordThroughput" : {
        "values" : [ 12, 12, 12, 12, 13, 13, 13, 13, 13, 13 ],
        "average" : 12
      }
    },
    "cpuUsageTests" : {
      "cpuUsage" : {
        "values" : [ 1.0008889436721802, 1.0008881092071533, 0.985989511013031, 0.992963969707489, 1.0008881092071533, 0.9894551634788513, 0.9724137783050537, 0.9894551634788513, 1.0, 1.0008904933929443 ],
        "average" : 0.9933834075927734
      }
    }
  }, {
    "implementation" : "PKGraph8",
    "dataset" : "indochina-2004",
    "warmup" : 5,
    "samples" : 10,
    "iterationTests" : [ ],
    "throughputTests" : {
      "throughput" : {
        "values" : [ 2063255296, 1302883840, 2527280640, 1673651328, 2129586688, 2275923712, 1800551808, 2147757056, 2284184576, 2388208128 ],
        "average" : 2059328307
      },
      "recordThroughput" : {
        "values" : [ 75, 47, 92, 61, 77, 83, 65, 78, 83, 87 ],
        "average" : 74
      }
    },
    "cpuUsageTests" : {
      "cpuUsage" : {
        "values" : [ 0.9381815791130066, 0.9321373105049133, 0.939047634601593, 0.942775547504425, 0.9460974335670471, 0.942278265953064, 0.9517892599105835, 0.9249507188796997, 0.9496802687644958, 0.9484615325927734 ],
        "average" : 0.9415399432182312
      }
    }
  }, {
    "implementation" : "PKGraph8",
    "dataset" : "soc-youtube-growth",
    "warmup" : 5,
    "samples" : 10,
    "iterationTests" : [ ],
    "throughputTests" : {
      "throughput" : {
        "values" : [ 1364866304, 1380986624, 1031678272, 1197169280, 892546112, 1425896832, 1425896832, 1375571072, 1403082496, 1380986624 ],
        "average" : 1287868044
      },
      "recordThroughput" : {
        "values" : [ 19, 19, 14, 17, 12, 20, 20, 19, 20, 19 ],
        "average" : 17
      }
    },
    "cpuUsageTests" : {
      "cpuUsage" : {
        "values" : [ 1.0027003288269043, 1.0017969608306885, 1.001792073249817, 0.9911190271377563, 1.0027003288269043, 1.0026737451553345, 1.002683401107788, 1.0008976459503174, 1.0017969608306885, 1.0008976459503174 ],
        "average" : 1.0009057521820068
      }
    }
  }, {
    "implementation" : "PKGraph8",
    "dataset" : "uk-2002",
    "warmup" : 5,
    "samples" : 10,
    "iterationTests" : [ ],
    "throughputTests" : {
      "throughput" : {
        "values" : [ 2396923904, 2332133120, 3191487488, 2233755648, 2414298368, 2783531776, 2923209472, 1967739904, 2744170752, 2524171264 ],
        "average" : 2551142169
      },
      "recordThroughput" : {
        "values" : [ 78, 76, 104, 72, 78, 90, 95, 64, 89, 82 ],
        "average" : 82
      }
    },
    "cpuUsageTests" : {
      "cpuUsage" : {
        "values" : [ 0.9033535718917847, 0.9379101395606995, 0.9519994854927063, 0.950054943561554, 0.9393404722213745, 0.9466214776039124, 0.9540265202522278, 0.9488605260848999, 0.9449371099472046, 0.9581292867660522 ],
        "average" : 0.9435232877731323
      }
    }
  } ]
}