{
  "timestamp" : "14:21:59 16/10/2021",
  "benchmarks" : [ {
    "implementation" : "PKGraph8",
    "dataset" : "eu-2005",
    "warmup" : 5,
    "samples" : 10,
    "iterationTests" : [ ],
    "throughputTests" : {
      "throughput" : {
        "values" : [ 533102560, 529572128, 519255776, 531331488, 428768832, 533102560, 526088096, 524363200, 509333664, 533102560 ],
        "average" : 516802086
      },
      "recordThroughput" : {
        "values" : [ 13, 13, 12, 13, 10, 13, 13, 13, 12, 13 ],
        "average" : 12
      }
    },
    "cpuUsageTests" : {
      "cpuUsage" : {
        "values" : [ 1.0017873048782349, 0.9850483536720276, 0.9862424731254578, 0.9938488602638245, 1.0008904933929443, 0.9366368651390076, 1.0008896589279175, 1.0008857250213623, 1.0008841753005981, 1.000854730606079 ],
        "average" : 0.9907968640327454
      }
    }
  }, {
    "implementation" : "PKGraph8",
    "dataset" : "indochina-2004",
    "warmup" : 5,
    "samples" : 10,
    "iterationTests" : [ ],
    "throughputTests" : {
      "throughput" : {
        "values" : [ 941350592, 840177408, 818858688, 852700416, 811994752, 807309056, 837945984, 845825792, 907415872, 784169344 ],
        "average" : 844774790
      },
      "recordThroughput" : {
        "values" : [ 34, 30, 29, 31, 29, 29, 30, 30, 33, 28 ],
        "average" : 30
      }
    },
    "cpuUsageTests" : {
      "cpuUsage" : {
        "values" : [ 0.9487918615341187, 0.952735960483551, 0.9414374828338623, 0.9764357209205627, 0.98460453748703, 0.9739001393318176, 0.9563424587249756, 0.9508973360061646, 0.9647665023803711, 0.97698974609375 ],
        "average" : 0.9626901745796204
      }
    }
  }, {
    "implementation" : "PKGraph8",
    "dataset" : "soc-youtube-growth",
    "warmup" : 5,
    "samples" : 10,
    "iterationTests" : [ ],
    "throughputTests" : {
      "throughput" : {
        "values" : [ 1349117824, 1313747712, 1425896832, 1308845568, 1370197632, 1408717440, 1408717440, 1437584512, 1397492608, 1364866304 ],
        "average" : 1378518387
      },
      "recordThroughput" : {
        "values" : [ 19, 18, 20, 18, 19, 20, 20, 20, 19, 19 ],
        "average" : 19
      }
    },
    "cpuUsageTests" : {
      "cpuUsage" : {
        "values" : [ 1.001792073249817, 1.0, 1.0017857551574707, 1.0, 1.0017905235290527, 1.001788854598999, 0.9833624958992004, 1.0, 1.001788854598999, 1.00087571144104 ],
        "average" : 0.9993184208869934
      }
    }
  }, {
    "implementation" : "PKGraph8",
    "dataset" : "uk-2002",
    "warmup" : 5,
    "samples" : 10,
    "iterationTests" : [ ],
    "throughputTests" : {
      "throughput" : {
        "values" : [ 1032252992, 1114196864, 1046159808, 1041481856, 1017380352, 1006389568, 1095340288, 1091234560, 1041946240, 1045687616 ],
        "average" : 1053207014
      },
      "recordThroughput" : {
        "values" : [ 33, 36, 34, 33, 33, 32, 35, 35, 33, 34 ],
        "average" : 33
      }
    },
    "cpuUsageTests" : {
      "cpuUsage" : {
        "values" : [ 0.9557957053184509, 0.9125340580940247, 0.9587151408195496, 0.9669865965843201, 0.9433623552322388, 0.9662576913833618, 0.9285536408424377, 0.9539554119110107, 0.9519003033638, 0.9537069797515869 ],
        "average" : 0.9491767883300781
      }
    }
  } ]
}