{
  "timestamp": "09:45:27 13/09/2021",
  "benchmarks": [
    {
      "implementation": "GraphX",
      "dataset": "eu-2005",
      "warmup": 2,
      "samples": 3,
      "partitions": -1,
      "useGridPartition": false,
      "memorySize": 0,
      "averageOverallCpuUsage": 0.8665094375610352,
      "workloads": [
        {
          "workload": "build",
          "latency": {
            "values": [
              24838
            ],
            "average": 24838
          },
          "throughput": {
            "values": [
              774425
            ],
            "average": 774425
          },
          "cpuUsage": {
            "values": [
              0.5493959784507751
            ],
            "average": 0.5493959784507751
          }
        },
        {
          "workload": "map",
          "latency": {
            "values": [
              214,
              201,
              266
            ],
            "average": 227
          },
          "throughput": {
            "values": [
              18,
              19,
              15
            ],
            "average": 17
          },
          "cpuUsage": {
            "values": [
              0.9506726264953613,
              0.9758307933807373,
              0.8079560995101929
            ],
            "average": 0.9114864468574524
          }
        },
        {
          "workload": "pageRank",
          "latency": {
            "values": [
              25808,
              23937,
              22482
            ],
            "average": 24075
          },
          "throughput": {
            "values": [
              745363,
              803623,
              855632
            ],
            "average": 801539
          },
          "cpuUsage": {
            "values": [
              0.8913300037384033,
              0.895566999912262,
              0.8958002924919128
            ],
            "average": 0.894232451915741
          }
        },
        {
          "workload": "triangleCount",
          "latency": {
            "values": [
              6983,
              6098,
              6981
            ],
            "average": 6687
          },
          "throughput": {
            "values": [
              2754574,
              3154343,
              2755363
            ],
            "average": 2888093
          },
          "cpuUsage": {
            "values": [
              0.8867772221565247,
              0.9305901527404785,
              0.8811748027801514
            ],
            "average": 0.8995140194892883
          }
        }
      ]
    },
    {
      "implementation": "GraphX",
      "dataset": "indochina-2004",
      "warmup": 2,
      "samples": 3,
      "partitions": -1,
      "useGridPartition": false,
      "memorySize": 0,
      "averageOverallCpuUsage": 0.7709702253341675,
      "workloads": [
        {
          "workload": "build",
          "latency": {
            "values": [
              22163
            ],
            "average": 22163
          },
          "throughput": {
            "values": [
              8758262
            ],
            "average": 8758262
          },
          "cpuUsage": {
            "values": [
              0.6264415979385376
            ],
            "average": 0.6264415979385376
          }
        },
        {
          "workload": "map",
          "latency": {
            "values": [
              331,
              274,
              215
            ],
            "average": 273
          },
          "throughput": {
            "values": [
              138,
              167,
              213
            ],
            "average": 172
          },
          "cpuUsage": {
            "values": [
              0.8863299489021301,
              0.9575880169868469,
              0.9772079586982727
            ],
            "average": 0.9403753280639648
          }
        },
        {
          "workload": "pageRank",
          "latency": {
            "values": [
              79400,
              88115,
              87654
            ],
            "average": 85056
          },
          "throughput": {
            "values": [
              2444922,
              2203108,
              2214694
            ],
            "average": 2287574
          },
          "cpuUsage": {
            "values": [
              0.6729385852813721,
              0.6167938709259033,
              0.641974687576294
            ],
            "average": 0.6439023613929749
          }
        },
        {
          "workload": "triangleCount",
          "latency": {
            "values": [
              12099,
              12054,
              11825
            ],
            "average": 11992
          },
          "throughput": {
            "values": [
              16043422,
              16103315,
              16415168
            ],
            "average": 16187301
          },
          "cpuUsage": {
            "values": [
              0.7546693086624146,
              0.7760429382324219,
              0.7997159957885742
            ],
            "average": 0.7768093943595886
          }
        }
      ]
    },
    {
      "implementation": "GraphX",
      "dataset": "soc-youtube-growth",
      "warmup": 2,
      "samples": 3,
      "partitions": -1,
      "useGridPartition": false,
      "memorySize": 0,
      "averageOverallCpuUsage": 0.9523226022720337,
      "workloads": [
        {
          "workload": "build",
          "latency": {
            "values": [
              4116
            ],
            "average": 4116
          },
          "throughput": {
            "values": [
              2969819
            ],
            "average": 2969819
          },
          "cpuUsage": {
            "values": [
              0.9333598017692566
            ],
            "average": 0.9333598017692566
          }
        },
        {
          "workload": "map",
          "latency": {
            "values": [
              105,
              104,
              91
            ],
            "average": 100
          },
          "throughput": {
            "values": [
              47,
              48,
              54
            ],
            "average": 49
          },
          "cpuUsage": {
            "values": [
              1.0050251483917236,
              1.0049750804901123,
              1.0028408765792847
            ],
            "average": 1.0042804479599
          }
        },
        {
          "workload": "pageRank",
          "latency": {
            "values": [
              16424,
              15979,
              17443
            ],
            "average": 16615
          },
          "throughput": {
            "values": [
              744285,
              765013,
              700805
            ],
            "average": 736701
          },
          "cpuUsage": {
            "values": [
              0.937893271446228,
              0.9263904690742493,
              0.9073126912117004
            ],
            "average": 0.9238654971122742
          }
        },
        {
          "workload": "triangleCount",
          "latency": {
            "values": [
              4855,
              4607,
              4251
            ],
            "average": 4571
          },
          "throughput": {
            "values": [
              2517770,
              2653305,
              2875506
            ],
            "average": 2682193
          },
          "cpuUsage": {
            "values": [
              0.9318884015083313,
              0.9261181354522705,
              0.9474207758903503
            ],
            "average": 0.935142457485199
          }
        }
      ]
    },
    {
      "implementation": "GraphX",
      "dataset": "uk-2002",
      "warmup": 2,
      "samples": 3,
      "partitions": -1,
      "useGridPartition": false,
      "memorySize": 0,
      "averageOverallCpuUsage": 0.6835892200469971,