{
  "timestamp": "15:32:42 12/09/2021",
  "benchmarks": [
    {
      "implementation": "GraphX",
      "dataset": "eu-2005",
      "warmup": 2,
      "samples": 3,
      "partitions": -1,
      "useGridPartition": false,
      "memorySize": 0,
      "averageOverallCpuUsage": 0.8749896883964539,
      "workloads": [
        {
          "workload": "build",
          "latency": {
            "values": [
              24508
            ],
            "average": 24508
          },
          "throughput": {
            "values": [
              784853
            ],
            "average": 784853
          },
          "cpuUsage": {
            "values": [
              0.5413312315940857
            ],
            "average": 0.5413312315940857
          }
        },
        {
          "workload": "map",
          "latency": {
            "values": [
              234,
              228,
              202
            ],
            "average": 221
          },
          "throughput": {
            "values": [
              17,
              17,
              19
            ],
            "average": 17
          },
          "cpuUsage": {
            "values": [
              0.8951048851013184,
              0.9340028762817383,
              0.9969558715820312
            ],
            "average": 0.9420211911201477
          }
        },
        {
          "workload": "pageRank",
          "latency": {
            "values": [
              26997,
              23882,
              26604
            ],
            "average": 25827
          },
          "throughput": {
            "values": [
              712535,
              805473,
              723061
            ],
            "average": 747023
          },
          "cpuUsage": {
            "values": [
              0.9050041437149048,
              0.909528911113739,
              0.8336337804794312
            ],
            "average": 0.8827221989631653
          }
        },
        {
          "workload": "triangleCount",
          "latency": {
            "values": [
              6490,
              6411,
              6641
            ],
            "average": 6514
          },
          "throughput": {
            "values": [
              2963819,
              3000341,
              2896429
            ],
            "average": 2953529
          },
          "cpuUsage": {
            "values": [
              0.9012001156806946,
              0.9299225211143494,
              0.9032129645347595
            ],
            "average": 0.9114452004432678
          }
        }
      ]
    },
    {
      "implementation": "GraphX",
      "dataset": "indochina-2004",
      "warmup": 2,
      "samples": 3,
      "partitions": -1,
      "useGridPartition": false,
      "memorySize": 0,
      "averageOverallCpuUsage": 0.7298963665962219,
      "workloads": [
        {
          "workload": "build",
          "latency": {
            "values": [
              43792
            ],
            "average": 43792
          },
          "throughput": {
            "values": [
              4432530
            ],
            "average": 4432530
          },
          "cpuUsage": {
            "values": [
              0.6186111569404602
            ],
            "average": 0.6186111569404602
          }
        },
        {
          "workload": "map",
          "latency": {
            "values": [
              900,
              525,
              1274
            ],
            "average": 899
          },
          "throughput": {
            "values": [
              51,
              87,
              36
            ],
            "average": 58
          },
          "cpuUsage": {
            "values": [
              0.8278043270111084,
              0.950860321521759,
              0.6733941435813904
            ],
            "average": 0.8173529505729675
          }
        },
        {
          "workload": "pageRank",
          "latency": {
            "values": [
              224404,
              213689,
              220274
            ],
            "average": 219455
          },
          "throughput": {
            "values": [
              865077,
              908455,
              881297
            ],
            "average": 884943
          },
          "cpuUsage": {
            "values": [
              0.6077611446380615,
              0.6343692541122437,
              0.6403005123138428
            ],
            "average": 0.6274769902229309
          }
        },
        {
          "workload": "triangleCount",
          "latency": {
            "values": [
              33780,
              35635,
              36938
            ],
            "average": 35451
          },
          "throughput": {
            "values": [
              5746281,
              5447155,
              5255004
            ],
            "average": 5482813
          },
          "cpuUsage": {
            "values": [
              0.7997139096260071,
              0.7748963236808777,
              0.7712521553039551
            ],
            "average": 0.7819541096687317
          }
        }
      ]
    },
    {
      "implementation": "GraphX",
      "dataset": "soc-youtube-growth",
      "warmup": 2,
      "samples": 3,
      "partitions": -1,
      "useGridPartition": false,
      "memorySize": 0,
      "averageOverallCpuUsage": 0.9307845234870911,
      "workloads": [
        {
          "workload": "build",
          "latency": {
            "values": [
              4540
            ],
            "average": 4540
          },
          "throughput": {
            "values": [
              2692461
            ],
            "average": 2692461
          },
          "cpuUsage": {
            "values": [
              0.9175304174423218
            ],
            "average": 0.9175304174423218
          }
        },
        {
          "workload": "map",
          "latency": {
            "values": [
              85,
              95,
              83
            ],
            "average": 87
          },
          "throughput": {
            "values": [
              58,
              52,
              60
            ],
            "average": 56
          },
          "cpuUsage": {
            "values": [
              1.0030030012130737,
              1.0052770376205444,
              1.0029940605163574
            ],
            "average": 1.0037580728530884
          }
        },
        {
          "workload": "pageRank",
          "latency": {
            "values": [
              21944,
              19457,
              20698
            ],
            "average": 20699
          },
          "throughput": {
            "values": [
              557061,
              628264,
              590595
            ],
            "average": 591973
          },
          "cpuUsage": {
            "values": [
              0.8376060128211975,
              0.8792760968208313,
              0.8614075183868408
            ],
            "average": 0.8594298362731934
          }
        },
        {
          "workload": "triangleCount",
          "latency": {
            "values": [
              4554,
              4551,
              4430
            ],
            "average": 4511
          },
          "throughput": {
            "values": [
              2684184,
              2685953,
              2759317
            ],
            "average": 2709818
          },
          "cpuUsage": {
            "values": [
              0.9397939443588257,
              0.9284936785697937,
              0.9324626922607422
            ],
            "average": 0.9335834383964539
          }
        }
      ]
    },
    {
      "implementation": "GraphX",
      "dataset": "uk-2002",
      "warmup": 2,
      "samples": 3,
      "partitions": -1,
      "useGridPartition": false,
      "memorySize": 0,
      "averageOverallCpuUsage": 0.7135922312736511,