{
  "timestamp": "19:20:35 12/09/2021",
  "benchmarks": [
    {
      "implementation": "GraphX",
      "dataset": "eu-2005",
      "warmup": 2,
      "samples": 3,
      "partitions": -1,
      "useGridPartition": false,
      "memorySize": 0,
      "averageOverallCpuUsage": 0.8561137318611145,
      "workloads": [
        {
          "workload": "build",
          "latency": {
            "values": [
              21461
            ],
            "average": 21461
          },
          "throughput": {
            "values": [
              896285
            ],
            "average": 896285
          },
          "cpuUsage": {
            "values": [
              0.5144692659378052
            ],
            "average": 0.5144692659378052
          }
        },
        {
          "workload": "map",
          "latency": {
            "values": [
              288,
              217,
              234
            ],
            "average": 246
          },
          "throughput": {
            "values": [
              13,
              18,
              17
            ],
            "average": 16
          },
          "cpuUsage": {
            "values": [
              0.8739495873451233,
              0.8909612894058228,
              0.8348993062973022
            ],
            "average": 0.8666033744812012
          }
        },
        {
          "workload": "pageRank",
          "latency": {
            "values": [
              25346,
              23945,
              24199
            ],
            "average": 24496
          },
          "throughput": {
            "values": [
              758949,
              803354,
              794922
            ],
            "average": 785741
          },
          "cpuUsage": {
            "values": [
              0.8985208868980408,
              0.9114830493927002,
              0.8740546703338623
            ],
            "average": 0.894686222076416
          }
        },
        {
          "workload": "triangleCount",
          "latency": {
            "values": [
              6932,
              6330,
              6350
            ],
            "average": 6537
          },
          "throughput": {
            "values": [
              2774839,
              3038734,
              3029163
            ],
            "average": 2947578
          },
          "cpuUsage": {
            "values": [
              0.9002203941345215,
              0.9292665719985962,
              0.9333114624023438
            ],
            "average": 0.9209327697753906
          }
        }
      ]
    },
    {
      "implementation": "GraphX",
      "dataset": "indochina-2004",
      "warmup": 2,
      "samples": 3,
      "partitions": -1,
      "useGridPartition": false,
      "memorySize": 0,
      "averageOverallCpuUsage": 0.6446325778961182,
      "workloads": [
        {
          "workload": "build",
          "latency": {
            "values": [
              26124
            ],
            "average": 26124
          },
          "throughput": {
            "values": [
              7430307
            ],
            "average": 7430307
          },
          "cpuUsage": {
            "values": [
              0.6133124828338623
            ],
            "average": 0.6133124828338623
          }
        },
        {
          "workload": "map",
          "latency": {
            "values": [
              854,
              892,
              1149
            ],
            "average": 965
          },
          "throughput": {
            "values": [
              53,
              51,
              40
            ],
            "average": 48
          },
          "cpuUsage": {
            "values": [
              0.6023589372634888,
              0.6534821391105652,
              0.5815625786781311
            ],
            "average": 0.6124678254127502
          }
        },
        {
          "workload": "pageRank",
          "latency": {
            "values": [
              154353,
              166655,
              153220
            ],
            "average": 158076
          },
          "throughput": {
            "values": [
              1257681,
              1164842,
              1266981
            ],
            "average": 1229834
          },
          "cpuUsage": {
            "values": [
              0.6013897061347961,
              0.5770058035850525,
              0.6001155972480774
            ],
            "average": 0.5928370356559753
          }
        },
        {
          "workload": "triangleCount",
          "latency": {
            "values": [
              21384,
              23125,
              21113
            ],
            "average": 21874
          },
          "throughput": {
            "values": [
              9077317,
              8393918,
              9193831
            ],
            "average": 8888355
          },
          "cpuUsage": {
            "values": [
              0.7397428154945374,
              0.7059599757194519,
              0.7713961005210876
            ],
            "average": 0.7390329837799072
          }
        }
      ]
    },
    {
      "implementation": "GraphX",
      "dataset": "soc-youtube-growth",
      "warmup": 2,
      "samples": 3,
      "partitions": -1,
      "useGridPartition": false,
      "memorySize": 0,
      "averageOverallCpuUsage": 0.9425114393234253,
      "workloads": [
        {
          "workload": "build",
          "latency": {
            "values": [
              4344
            ],
            "average": 4344
          },
          "throughput": {
            "values": [
              2813944
            ],
            "average": 2813944
          },
          "cpuUsage": {
            "values": [
              0.9290724992752075
            ],
            "average": 0.9290724992752075
          }
        },
        {
          "workload": "map",
          "latency": {
            "values": [
              79,
              79,
              78
            ],
            "average": 78
          },
          "throughput": {
            "values": [
              63,
              63,
              64
            ],
            "average": 63
          },
          "cpuUsage": {
            "values": [
              1.0060241222381592,
              1.0029585361480713,
              1.0060060024261475
            ],
            "average": 1.0049961805343628
          }
        },
        {
          "workload": "pageRank",
          "latency": {
            "values": [
              17284,
              17028,
              17711
            ],
            "average": 17341
          },
          "throughput": {
            "values": [
              707252,
              717885,
              690201
            ],
            "average": 705112
          },
          "cpuUsage": {
            "values": [
              0.9210130572319031,
              0.8990495800971985,
              0.8957917094230652
            ],
            "average": 0.9052848219871521
          }
        },
        {
          "workload": "triangleCount",
          "latency": {
            "values": [
              4357,
              4251,
              4642
            ],
            "average": 4416
          },
          "throughput": {
            "values": [
              2805548,
              2875506,
              2633299
            ],
            "average": 2771451
          },
          "cpuUsage": {
            "values": [
              0.9344612956047058,
              0.9145263433456421,
              0.916211724281311
            ],
            "average": 0.9217330813407898
          }
        }
      ]
    },
    {
      "implementation": "GraphX",
      "dataset": "uk-2002",
      "warmup": 2,
      "samples": 3,
      "partitions": -1,
      "useGridPartition": false,
      "memorySize": 0,
      "averageOverallCpuUsage": 0.7247029542922974,