{
  "timestamp": "14:10:50 16/08/2021",
  "benchmarks": [
    {
      "implementation": "PKGraph8",
      "dataset": "eu-2005",
      "warmup": 2,
      "samples": 3,
      "memorySize": 205525768,
      "averageOverallCpuUsage": 0.9447435736656189,
      "algorithms": [
        {
          "workload": "build",
          "latency": {
            "values": [
              10019,
              9670,
              9506
            ],
            "average": 9731
          },
          "throughput": {
            "values": [
              1919871,
              1989161,
              2023478
            ],
            "average": 1977503
          },
          "cpuUsage": {
            "values": [
              0.9520683288574219,
              0.9568773508071899,
              0.952096164226532
            ],
            "average": 0.9536805748939514
          }
        },
        {
          "workload": "map",
          "latency": {
            "values": [
              10707,
              9955,
              10001
            ],
            "average": 10221
          },
          "throughput": {
            "values": [
              1796506,
              1932213,
              1923326
            ],
            "average": 1884015
          },
          "cpuUsage": {
            "values": [
              0.9172710180282593,
              0.9555785655975342,
              0.9564211368560791
            ],
            "average": 0.9430902600288391
          }
        },
        {
          "workload": "pageRank",
          "latency": {
            "values": [
              48510,
              50201,
              51174
            ],
            "average": 49961
          },
          "throughput": {
            "values": [
              793063,
              766349,
              751778
            ],
            "average": 770396
          },
          "cpuUsage": {
            "values": [
              0.9458153247833252,
              0.9445138573646545,
              0.941118597984314
            ],
            "average": 0.9438158869743347
          }
        },
        {
          "workload": "triangleCount",
          "latency": {
            "values": [
              9824,
              9602,
              10232
            ],
            "average": 9886
          },
          "throughput": {
            "values": [
              1957979,
              2003248,
              1879905
            ],
            "average": 1947044
          },
          "cpuUsage": {
            "values": [
              0.9622620940208435,
              0.9575757384300232,
              0.9613758325576782
            ],
            "average": 0.9604045748710632
          }
        },
        {
          "algorithm": "connectedComponents",
          "latency": {
            "values": [
              20583,
              21271
            ],
            "average": 20927
          },
          "throughput": {
            "values": [
              454377,
              439680
            ],
            "average": 447028
          },
          "cpuUsage": {
            "values": [
              0.9615901708602905,
              0.9453036189079285
            ],
            "average": 0.9534468650817871
          }
        }
      ]
    },
    {
      "implementation": "PKGraph8",
      "dataset": "indochina-2004",
      "warmup": 2,
      "samples": 3,
      "memorySize": 1532940936,
      "averageOverallCpuUsage": 0.9450798034667969,
      "algorithms": [
        {
          "workload": "build",
          "latency": {
            "values": [
              44955,
              43120,
              45139
            ],
            "average": 44404
          },
          "throughput": {
            "values": [
              4317859,
              4501608,
              4300258
            ],
            "average": 4373241
          },
          "cpuUsage": {
            "values": [
              0.8469661474227905,
              0.8725117444992065,
              0.8490510582923889
            ],
            "average": 0.8561763167381287
          }
        },
        {
          "workload": "map",
          "latency": {
            "values": [
              46299,
              44710,
              45338
            ],
            "average": 45449
          },
          "throughput": {
            "values": [
              4192517,
              4341520,
              4281383
            ],
            "average": 4271806
          },
          "cpuUsage": {
            "values": [
              0.8559350967407227,
              0.8726597428321838,
              0.8578039407730103
            ],
            "average": 0.8621328473091125
          }
        },
        {
          "workload": "pageRank",
          "latency": {
            "values": [
              355331,
              345532,
              343912
            ],
            "average": 348258
          },
          "throughput": {
            "values": [
              1092604,
              1123589,
              1128882
            ],
            "average": 1115025
          },
          "cpuUsage": {
            "values": [
              0.8571781516075134,
              0.8734214305877686,
              0.8700977563858032
            ],
            "average": 0.8668991923332214
          }
        },
        {
          "workload": "triangleCount",
          "latency": {
            "values": [
              45328,
              44999,
              47749
            ],
            "average": 46025
          },
          "throughput": {
            "values": [
              4282328,
              4313637,
              4065202
            ],
            "average": 4220389
          },
          "cpuUsage": {
            "values": [
              0.8451377749443054,
              0.870322048664093,
              0.8277726173400879
            ],
            "average": 0.8477441668510437
          }
        },
        {
          "algorithm": "connectedComponents",
          "latency": {
            "values": [
              19754,
              20603
            ],
            "average": 20178
          },
          "throughput": {
            "values": [
              461240,
              442233
            ],
            "average": 451736
          },
          "cpuUsage": {
            "values": [
              0.9564735889434814,
              0.9587448239326477
            ],
            "average": 0.9576091766357422
          }
        }
      ]
    },
    {
      "implementation": "PKGraph8",
      "dataset": "soc-youtube-growth",
      "warmup": 2,
      "samples": 3,
      "memorySize": 0,
      "averageOverallCpuUsage": 0.9473796486854553,
      "workloads": [
        {
          "workload": "build",
          "latency": {
            "values": [
              8203,
              7847,
              8136
            ],
            "average": 8062
          },
          "throughput": {
            "values": [
              1490159,
              1557764,
              1502430
            ],
            "average": 1516784
          },
          "cpuUsage": {
            "values": [
              0.9703705906867981,
              0.9557620286941528,
              0.9577810764312744
            ],
            "average": 0.9613046050071716
          }
        },
        {
          "workload": "map",
          "latency": {
            "values": [
              8312,
              8798,
              8404
            ],
            "average": 8504
          },
          "throughput": {
            "values": [
              1470617,
              1389381,
              1454518
            ],
            "average": 1438172
          },
          "cpuUsage": {
            "values": [
              0.9629514217376709,
              0.9485940337181091,
              0.9592358469963074
            ],