{
  "timestamp": "17:10:34 12/09/2021",
  "benchmarks": [
    {
      "implementation": "PKGraph8",
      "dataset": "eu-2005",
      "warmup": 2,
      "samples": 3,
      "partitions": -1,
      "useGridPartition": false,
      "memorySize": 0,
      "averageOverallCpuUsage": 0.9623600840568542,
      "workloads": [
        {
          "workload": "build",
          "latency": {
            "values": [
              10324
            ],
            "average": 10324
          },
          "throughput": {
            "values": [
              1863152
            ],
            "average": 1863152
          },
          "cpuUsage": {
            "values": [
              0.930468738079071
            ],
            "average": 0.930468738079071
          }
        },
        {
          "workload": "map",
          "latency": {
            "values": [
              294,
              296,
              346
            ],
            "average": 312
          },
          "throughput": {
            "values": [
              13,
              13,
              11
            ],
            "average": 12
          },
          "cpuUsage": {
            "values": [
              1.001813292503357,
              1.0009057521820068,
              0.9445865154266357
            ],
            "average": 0.9824351668357849
          }
        },
        {
          "workload": "pageRank",
          "latency": {
            "values": [
              49960,
              49221,
              49551
            ],
            "average": 49577
          },
          "throughput": {
            "values": [
              385034,
              390815,
              388212
            ],
            "average": 388020
          },
          "cpuUsage": {
            "values": [
              0.9482459425926208,
              0.9538173675537109,
              0.9456965923309326
            ],
            "average": 0.9492533206939697
          }
        },
        {
          "workload": "triangleCount",
          "latency": {
            "values": [
              10091,
              9763,
              9844
            ],
            "average": 9899
          },
          "throughput": {
            "values": [
              1906172,
              1970213,
              1954001
            ],
            "average": 1943462
          },
          "cpuUsage": {
            "values": [
              0.9689275622367859,
              0.9674658179283142,
              0.9616738557815552
            ],
            "average": 0.9660224318504333
          }
        }
      ]
    },
    {
      "implementation": "PKGraph8",
      "dataset": "indochina-2004",
      "warmup": 2,
      "samples": 3,
      "partitions": -1,
      "useGridPartition": false,
      "memorySize": 0,
      "averageOverallCpuUsage": 0.8807750940322876,
      "workloads": [
        {
          "workload": "build",
          "latency": {
            "values": [
              47289
            ],
            "average": 47289
          },
          "throughput": {
            "values": [
              4104746
            ],
            "average": 4104746
          },
          "cpuUsage": {
            "values": [
              0.831153392791748
            ],
            "average": 0.831153392791748
          }
        },
        {
          "workload": "map",
          "latency": {
            "values": [
              1385,
              1473,
              1363
            ],
            "average": 1407
          },
          "throughput": {
            "values": [
              33,
              31,
              33
            ],
            "average": 32
          },
          "cpuUsage": {
            "values": [
              0.9554755687713623,
              0.9468916654586792,
              0.953237771987915
            ],
            "average": 0.9518683552742004
          }
        },
        {
          "workload": "pageRank",
          "latency": {
            "values": [
              307367,
              301369,
              323865
            ],
            "average": 310867
          },
          "throughput": {
            "values": [
              631579,
              644150,
              599406
            ],
            "average": 625045
          },
          "cpuUsage": {
            "values": [
              0.8545520305633545,
              0.8617022037506104,
              0.8358815312385559
            ],
            "average": 0.8507118821144104
          }
        },
        {
          "workload": "triangleCount",
          "latency": {
            "values": [
              45340,
              46512,
              46436
            ],
            "average": 46096
          },
          "throughput": {
            "values": [
              4281194,
              4173317,
              4180148
            ],
            "average": 4211553
          },
          "cpuUsage": {
            "values": [
              0.87263423204422,
              0.8437667489051819,
              0.8524559140205383
            ],
            "average": 0.8562856316566467
          }
        }
      ]
    },
    {
      "implementation": "PKGraph8",
      "dataset": "soc-youtube-growth",
      "warmup": 2,
      "samples": 3,
      "partitions": -1,
      "useGridPartition": false,
      "memorySize": 0,
      "averageOverallCpuUsage": 0.9458215832710266,
      "workloads": [
        {
          "workload": "build",
          "latency": {
            "values": [
              8481
            ],
            "average": 8481
          },
          "throughput": {
            "values": [
              1441313
            ],
            "average": 1441313
          },
          "cpuUsage": {
            "values": [
              0.9390929937362671
            ],
            "average": 0.9390929937362671
          }
        },
        {
          "workload": "map",
          "latency": {
            "values": [
              272,
              240,
              247
            ],
            "average": 253
          },
          "throughput": {
            "values": [
              18,
              20,
              20
            ],
            "average": 19
          },
          "cpuUsage": {
            "values": [
              0.9707149267196655,
              1.0017762184143066,
              1.0008786916732788
            ],
            "average": 0.9911232590675354
          }
        },
        {
          "workload": "pageRank",
          "latency": {
            "values": [
              29584,
              30113,
              32556
            ],
            "average": 30751
          },
          "throughput": {
            "values": [
              413201,
              405942,
              375480
            ],
            "average": 398207
          },
          "cpuUsage": {
            "values": [
              0.9343370795249939,
              0.9437831044197083,
              0.9095242619514465
            ],
            "average": 0.9292147755622864
          }
        },
        {
          "workload": "triangleCount",
          "latency": {
            "values": [
              8650,
              10677,
              8178
            ],
            "average": 9168
          },
          "throughput": {
            "values": [
              1413153,
              1144869,
              1494714
            ],
            "average": 1350912
          },
          "cpuUsage": {
            "values": [
              0.9665213227272034,
              0.8268232941627502,
              0.9647634625434875
            ],
            "average": 0.9193693995475769
          }
        }
      ]
    },
    {
      "implementation": "PKGraph8",
      "dataset": "uk-2002",
      "warmup": 2,
      "samples": 3,
      "partitions": -1,
      "useGridPartition": false,
      "memorySize": 0,
      "averageOverallCpuUsage": 0.8443655967712402,