{
  "timestamp": "22:13:34 12/09/2021",
  "benchmarks": [
    {
      "implementation": "PKGraph8",
      "dataset": "eu-2005",
      "warmup": 2,
      "samples": 3,
      "partitions": -1,
      "useGridPartition": false,
      "memorySize": 0,
      "averageOverallCpuUsage": 0.9533466100692749,
      "workloads": [
        {
          "workload": "build",
          "latency": {
            "values": [
              10108
            ],
            "average": 10108
          },
          "throughput": {
            "values": [
              1902966
            ],
            "average": 1902966
          },
          "cpuUsage": {
            "values": [
              0.9517428874969482
            ],
            "average": 0.9517428874969482
          }
        },
        {
          "workload": "map",
          "latency": {
            "values": [
              427,
              296,
              399
            ],
            "average": 374
          },
          "throughput": {
            "values": [
              9,
              13,
              10
            ],
            "average": 10
          },
          "cpuUsage": {
            "values": [
              0.8878281712532043,
              1.0018001794815063,
              0.9097561240196228
            ],
            "average": 0.9331281781196594
          }
        },
        {
          "workload": "pageRank",
          "latency": {
            "values": [
              45225,
              47757,
              45346
            ],
            "average": 46109
          },
          "throughput": {
            "values": [
              425347,
              402795,
              424212
            ],
            "average": 417451
          },
          "cpuUsage": {
            "values": [
              0.9610186219215393,
              0.961966872215271,
              0.9667365550994873
            ],
            "average": 0.9632406830787659
          }
        },
        {
          "workload": "triangleCount",
          "latency": {
            "values": [
              9501,
              9853,
              9722
            ],
            "average": 9692
          },
          "throughput": {
            "values": [
              2024543,
              1952216,
              1978521
            ],
            "average": 1985093
          },
          "cpuUsage": {
            "values": [
              0.9620750546455383,
              0.9663745164871216,
              0.9641676545143127
            ],
            "average": 0.9642057418823242
          }
        }
      ]
    },
    {
      "implementation": "PKGraph8",
      "dataset": "indochina-2004",
      "warmup": 2,
      "samples": 3,
      "partitions": -1,
      "useGridPartition": false,
      "memorySize": 0,
      "averageOverallCpuUsage": 0.8647221326828003,
      "workloads": [
        {
          "workload": "build",
          "latency": {
            "values": [
              28667
            ],
            "average": 28667
          },
          "throughput": {
            "values": [
              6771178
            ],
            "average": 6771178
          },
          "cpuUsage": {
            "values": [
              0.782217800617218
            ],
            "average": 0.782217800617218
          }
        },
        {
          "workload": "map",
          "latency": {
            "values": [
              685,
              640,
              781
            ],
            "average": 702
          },
          "throughput": {
            "values": [
              67,
              71,
              58
            ],
            "average": 65
          },
          "cpuUsage": {
            "values": [
              0.8825103044509888,
              0.9092434644699097,
              0.9067047238349915
            ],
            "average": 0.8994861245155334
          }
        },
        {
          "workload": "pageRank",
          "latency": {
            "values": [
              130612,
              121023,
              129393
            ],
            "average": 127009
          },
          "throughput": {
            "values": [
              1486286,
              1604049,
              1500288
            ],
            "average": 1530207
          },
          "cpuUsage": {
            "values": [
              0.8762488961219788,
              0.8851803541183472,
              0.8776964545249939
            ],
            "average": 0.8797085881233215
          }
        },
        {
          "workload": "triangleCount",
          "latency": {
            "values": [
              16817,
              17495,
              16478
            ],
            "average": 16930
          },
          "throughput": {
            "values": [
              11542449,
              11095133,
              11779910
            ],
            "average": 11472497
          },
          "cpuUsage": {
            "values": [
              0.8189908266067505,
              0.8442439436912537,
              0.864184558391571
            ],
            "average": 0.8424730896949768
          }
        }
      ]
    },
    {
      "implementation": "PKGraph8",
      "dataset": "soc-youtube-growth",
      "warmup": 2,
      "samples": 3,
      "partitions": -1,
      "useGridPartition": false,
      "memorySize": 0,
      "averageOverallCpuUsage": 0.974561333656311,
      "workloads": [
        {
          "workload": "build",
          "latency": {
            "values": [
              8051
            ],
            "average": 8051
          },
          "throughput": {
            "values": [
              1518293
            ],
            "average": 1518293
          },
          "cpuUsage": {
            "values": [
              0.9692688584327698
            ],
            "average": 0.9692688584327698
          }
        },
        {
          "workload": "map",
          "latency": {
            "values": [
              238,
              267,
              239
            ],
            "average": 248
          },
          "throughput": {
            "values": [
              21,
              18,
              20
            ],
            "average": 19
          },
          "cpuUsage": {
            "values": [
              1.001805067062378,
              0.961240291595459,
              1.002707600593567
            ],
            "average": 0.9885843396186829
          }
        },
        {
          "workload": "pageRank",
          "latency": {
            "values": [
              26487,
              28218,
              26048
            ],
            "average": 26917
          },
          "throughput": {
            "values": [
              461515,
              433204,
              469293
            ],
            "average": 454670
          },
          "cpuUsage": {
            "values": [
              0.9572669267654419,
              0.9572649002075195,
              0.962590217590332
            ],
            "average": 0.959040641784668
          }
        },
        {
          "workload": "triangleCount",
          "latency": {
            "values": [
              8159,
              7972,
              7943
            ],
            "average": 8024
          },
          "throughput": {
            "values": [
              1498195,
              1533338,
              1538937
            ],
            "average": 1523490
          },
          "cpuUsage": {
            "values": [
              0.9779545664787292,
              0.975291907787323,
              0.9802231788635254
            ],
            "average": 0.9778232574462891
          }
        }
      ]
    },
    {
      "implementation": "PKGraph8",
      "dataset": "uk-2002",
      "warmup": 2,
      "samples": 3,
      "partitions": -1,
      "useGridPartition": false,
      "memorySize": 0,
      "averageOverallCpuUsage": 0.8407607078552246,